Year,Wage Growth (%),Inflation (CPI) (%),Unemployment Rate (%),Employment Cost Index (%),Productivity Growth (%)
2015,2.5,1.6,5.3,1.8,1.2
2016,2.8,2.1,4.9,2,1.4
2017,3,2.3,4.7,2.2,1.6
2018,3.2,2.4,4.4,2.4,1.5
2019,3.1,2.6,4,2.6,1.8
2020,2.9,2.8,3.8,2.8,1.7
2021,2.4,3.1,3.6,3.2,2.1
2022,1.8,7,8.1,4.5,1.9
2023,2,6.5,6.5,4,1.8
2024,2.3,5.8,5,3.7,1.6
