Year,Wage Growth (%),Inflation (CPI) (%),Real Wage Growth (%)
2015,2.5,1.6,0.9
2016,2.8,2.1,0.7
2017,3,2.3,0.7
2018,3.2,2.4,0.8
2019,3.1,2.6,0.5
2020,2.9,2.8,0.1
2021,2.4,3.1,-0.7
2022,1.8,7,-5.2
2023,2,6.5,-4.5
2024,2.3,5.8,-3.5
